{
  "num_classes_detected": 12,
  "classes_detected": [
    0,
    5,
    13,
    15,
    17,
    18,
    21,
    28,
    35,
    40,
    48,
    49
  ],
  "avg_iou": 0.03971908854824419,
  "avg_l1_error": 48.36077083155659,
  "val_loss": 0.0,
  "accuracy": 0.052877866167524566
}