{
  "num_classes_detected": 44,
  "classes_detected": [
    0,
    2,
    3,
    4,
    5,
    6,
    7,
    8,
    9,
    11,
    12,
    13,
    14,
    15,
    17,
    18,
    19,
    20,
    21,
    23,
    24,
    25,
    27,
    28,
    29,
    30,
    32,
    33,
    34,
    35,
    36,
    37,
    38,
    39,
    40,
    41,
    42,
    43,
    44,
    45,
    46,
    47,
    48,
    49
  ],
  "avg_iou": 0.07044803692237742,
  "avg_l1_error": 46.01339279919179
}