{
  "num_classes_detected": 21,
  "classes_detected": [
    0,
    2,
    5,
    11,
    13,
    15,
    17,
    18,
    21,
    27,
    28,
    32,
    33,
    35,
    38,
    39,
    40,
    41,
    46,
    47,
    49
  ],
  "avg_iou": 0.06424508396086671,
  "avg_l1_error": 47.59787808080449,
  "val_loss": 0.0,
  "accuracy": 0.05240992044922789
}