{
  "num_classes_detected": 14,
  "classes_detected": [
    0,
    5,
    13,
    15,
    17,
    18,
    21,
    27,
    34,
    35,
    38,
    40,
    43,
    49
  ],
  "avg_iou": 0.06410473879457443,
  "avg_l1_error": 47.45965000977291,
  "val_loss": 0.0,
  "accuracy": 0.058961160505381374
}