{
  "num_classes_detected": 18,
  "classes_detected": [
    0,
    5,
    13,
    15,
    16,
    17,
    18,
    20,
    21,
    24,
    27,
    28,
    34,
    35,
    38,
    39,
    40,
    41
  ],
  "avg_iou": 0.057427948532747186,
  "avg_l1_error": 47.75273121033643,
  "val_loss": 0.0,
  "accuracy": 0.07346747777257838
}