{
  "num_classes_detected": 11,
  "classes_detected": [
    0,
    4,
    5,
    11,
    15,
    17,
    27,
    35,
    38,
    40,
    41
  ],
  "avg_iou": 0.05655658223170954,
  "avg_l1_error": 47.90640255843695,
  "val_loss": 0.0,
  "accuracy": 0.07019185774450164
}