{
  "num_classes_detected": 17,
  "classes_detected": [
    0,
    4,
    5,
    9,
    12,
    13,
    15,
    17,
    27,
    28,
    32,
    34,
    35,
    38,
    40,
    41,
    46
  ],
  "avg_iou": 0.04298181894499822,
  "avg_l1_error": 47.91754292348416,
  "val_loss": 0.0,
  "accuracy": 0.06504445484323819
}